<?xml version="1.0" encoding="gbk"?>
<paras author="badcat">
	<programpara>
		<autostart>0</autostart>
		<minimize>0</minimize>
		<clientexedir>C:\Users\BLZK\Desktop\FQ\kcptun\client_windows_amd64.exe</clientexedir>
		<autoconn enable="0">5</autoconn>
	</programpara>
	<clientnodes>
		<node id="{F22C3888-D194-4EB2-8B39-258CDD081C04}" runstate="1" remark="">
			<json enable="0"></json>
			<localport>443</localport>
			<kcpserverip>162.219.121.108</kcpserverip>
			<kcpserverport>29900</kcpserverport>
			<key enable="1">it's a secrect</key>
			<crypt enable="1">aes</crypt>
			<nocomp enable="0"/>
			<datashard enable="1">10</datashard>
			<parityshard enable="1">3</parityshard>
			<conn enable="1">5</conn>
			<mtu enable="1">1024</mtu>
			<sndwnd enable="1">1024</sndwnd>
			<rcvwnd enable="1">1024</rcvwnd>
			<dscp enable="1">0</dscp>
			<autoexpire enable="1">20</autoexpire>
			<mode enable="1">fast2</mode>
			<nodelay enable="0"/>
			<interval enable="0"></interval>
			<resend enable="0"></resend>
			<nc enable="0"/>
			<acknodelay enable="1"/>
			<keepalive enable="1">10</keepalive>
			<sockbuf enable="1">4194304</sockbuf>
		</node>
	</clientnodes>
</paras>
